Spelers;Titel;Url;PublicId;Vote1;Vote2;Vote3;Vote4;Vote5;Vote6;Vote7;Vote8;Vote9;Vote10
Andreas;Covered in red;https://res.cloudinary.com/dfbqeto8t/image/upload/v1722786282/phototheme/esh3e2agstgmk6ylbaox.jpg;phototheme/esh3e2agstgmk6ylbaox;Sheree;Remy;Jeffrey;Jessy;Sanne;Djeno;Jordy;Dustin;Rhandy;Vera
Djeno;Riverberries;https://res.cloudinary.com/dfbqeto8t/image/upload/v1722786282/phototheme/y18rjy8mlqz9xp8y8ylt.jpg;phototheme/y18rjy8mlqz9xp8y8ylt;Remy;Sheree;Jessy;Jeany;Jordy;Jeffrey;Vera;Dustin;Sanne;Rhandy
Dustin;Berrylicious;https://res.cloudinary.com/dfbqeto8t/image/upload/v1722786282/phototheme/dtmz66bdezh4rg0rwahj.jpg;phototheme/dtmz66bdezh4rg0rwahj;Remy;Jeany;Sanne;Jessy;Sheree;Djeno;Vera;Jordy;Jeffrey;Rhandy
Jeany;Forest fruit;https://res.cloudinary.com/dfbqeto8t/image/upload/v1722786282/phototheme/rzub7a14lx9mwbosgjf0.jpg;phototheme/rzub7a14lx9mwbosgjf0;Jessy;Remy;Djeno;Jordy;Sheree;Jeffrey;Vera;Rhandy;Sanne;Dustin
Jeffrey;EGGstreme Danger!;https://res.cloudinary.com/dfbqeto8t/image/upload/v1722786282/phototheme/o59gadcdfvwbbt0hdlzg.jpg;phototheme/o59gadcdfvwbbt0hdlzg;Remy;Jeany;Sheree;Jessy;Djeno;Vera;Rhandy;Dustin;Sanne;Jordy
Jessy;Een rokerige bende;https://res.cloudinary.com/dfbqeto8t/image/upload/v1722786282/phototheme/s94i3xgyxwhzhdanalzk.jpg;phototheme/s94i3xgyxwhzhdanalzk;Andreas;Sheree;Remy;Jordy;Sanne;Djeno;Vera;Dustin;Jeffrey;Rhandy
Jordy;In de brand steaken;https://res.cloudinary.com/dfbqeto8t/image/upload/v1722786282/phototheme/qbocwfozxjkfhc89yixu.jpg;phototheme/qbocwfozxjkfhc89yixu;Remy;Dustin;Jessy;Djeno;Sanne;Jeany;Sheree;Jeffrey;Vera;Rhandy
Remy;Pannenkoeken wolkenkrabber;https://res.cloudinary.com/dfbqeto8t/image/upload/v1722786282/phototheme/djltrhqf7dwc3n1b6pqo.jpg;phototheme/djltrhqf7dwc3n1b6pqo;Andreas;Jeany;Jessy;Sheree;Jordy;Rhandy;Dustin;Vera;Sanne;Jeffrey
Rhandy;Double the Freshness;https://res.cloudinary.com/dfbqeto8t/image/upload/v1722786282/phototheme/j3lfvb12wzrxkob0ude3.jpg;phototheme/j3lfvb12wzrxkob0ude3;Remy;Jessy;Jeany;Djeno;Jordy;Sheree;Dustin;Vera;Sanne;Jeffrey
Sanne;No misteak;https://res.cloudinary.com/dfbqeto8t/image/upload/v1722786282/phototheme/aylcw8blg6euzv5v5s8v.jpg;phototheme/aylcw8blg6euzv5v5s8v;Andreas;Remy;Sheree;Jessy;Jordy;Djeno;Vera;Jeffrey;Rhandy;Dustin
Sheree;Storm in een glas siroop;https://res.cloudinary.com/dfbqeto8t/image/upload/v1722786282/phototheme/rc4pqfiklhsdlazhozub.jpg;phototheme/rc4pqfiklhsdlazhozub;Jeffrey;Remy;Jessy;Jeany;Dustin;Sanne;Djeno;Jordy;Vera;Rhandy
Vera;Koekiemonster;https://res.cloudinary.com/dfbqeto8t/image/upload/v1722786282/phototheme/mvuvbypyv2w2fdrzoezi.jpg;phototheme/mvuvbypyv2w2fdrzoezi;Jeany;Sheree;Remy;Jessy;Djeno;Jordy;Jeffrey;Dustin;Sanne;Rhandy
